{
  "LogisticRegression": {
    "roc_auc": 0.7664186000533897,
    "pr_auc": 0.1092691769883933,
    "f1": 0.28415051311288486,
    "precision": 0.21692200557103064,
    "recall": 0.4117647058823529,
    "threshold": 0.9464643293047501,
    "confusion_matrix": [
      [
        95636,
        2249
      ],
      [
        890,
        623
      ]
    ],
    "confusion_matrix_labels": [
      0,
      1
    ]
  },
  "RandomForest": {
    "roc_auc": 0.7051519478341679,
    "pr_auc": 0.13351320648557818,
    "f1": 0.2756244616709733,
    "precision": 0.2436548223350254,
    "recall": 0.3172504957038995,
    "threshold": 0.13678177076189288,
    "confusion_matrix": [
      [
        96395,
        1490
      ],
      [
        1033,
        480
      ]
    ],
    "confusion_matrix_labels": [
      0,
      1
    ]
  },
  "XGBoost": {
    "roc_auc": 0.738592233673456,
    "pr_auc": 0.13402403363379176,
    "f1": 0.263631815907954,
    "precision": 0.21207243460764588,
    "recall": 0.34831460674157305,
    "threshold": 0.7443270683288574,
    "confusion_matrix": [
      [
        95927,
        1958
      ],
      [
        986,
        527
      ]
    ],
    "confusion_matrix_labels": [
      0,
      1
    ]
  }
}